,ID,Datum,Firmenname,Straße,Ort,Branche,Anzahl der Mitarbeiter,Telefon,E-Mail,Eingabeparameter,Ergebnisse der Abfrage,Feedback zur Abfrage,TCO,CLV,plot_data
0,1,23.06.2023,Beratungshaus Heilbronn IT,Bildungscampus 1,74072 Heilbronn,Beratung,25,+49 1512123456,thomastest@beratungshausit.de,"{'Datenformat': 'Bild', 'Anspruch auf Genauigkeit': 'Gering', 'Anzahl an Dimensionen (Features)': 'Hoch', 'Datenmenge': 'Sehr Groß', 'Datenqualität': 'Sehr Hoch', 'Datentyp': 'Gelabelt', 'Folge von Entscheidungen': 'ja', 'Rechenkapazität': 'Gering', 'Typ der Zielgröße': 'Numerisch', 'Verfügbarkeit von Zeit': 'Gering'}","[""['Unstrukturiert', 'Neural Networks and Deep Learning', 'Regression', 'Überwachtes Lernen']""
 ""['Strukturiert', 'K-Nearest Neighbors ', 'Regression', 'Überwachtes Lernen']""
 ""['Strukturiert', 'Linear Models', 'Regression', 'Überwachtes Lernen']""
 ""['Strukturiert', 'Tree-Based Methods', 'Regression', 'Überwachtes Lernen']""
 ""['Unstrukturiert', 'Neural Networks and Deep Learning', 'Regression', 'Halbüberwachtes Lernen']""]",Überhaupt nicht zufrieden,13000.0,287000.0,"{'name': {32: ' Neural Networks and Deep Learning (Überwachtes Lernen)', 9: ' K-Nearest Neighbors  (Überwachtes Lernen)', 13: ' Linear Models (Überwachtes Lernen)', 27: ' Tree-Based Methods (Überwachtes Lernen)', 31: ' Neural Networks and Deep Learning (Halbüberwachtes Lernen)'}, 'score': {32: 0.9999792877904815, 9: 1.9133326096119544e-05, 13: 8.341310201298834e-07, 27: 6.096836051056449e-07, 31: 9.007049050177198e-08}}"
1,2,23.06.2023,IT-Consult Beratungshaus Heilbronn,Stuttgarterstraße 4,74072 Heilbronn,Beratung für Mittelstand,33,+49 1512123456,thomas.mueller@it-consult.de,"{'Datenformat': 'Matrix', 'Anspruch auf Genauigkeit': 'Gering', 'Anzahl an Dimensionen (Features)': 'Mittel', 'Datenmenge': 'Groß', 'Datenqualität': 'Hoch', 'Datentyp': 'Nicht gelabelt', 'Folge von Entscheidungen': 'nein', 'Rechenkapazität': 'Mittel', 'Typ der Zielgröße': 'Keine', 'Verfügbarkeit von Zeit': 'Gering'}","[""['Strukturiert', 'K-Means', 'Muster erkennen und Clustering', 'Unüberwachtes Lernen']""
 ""['Strukturiert', 'PCA', 'Vereinfachen durch Dimension Reduction', 'Unüberwachtes Lernen']""]",Neutral,,,"{'name': {5: ' K-Means (Unüberwachtes Lernen)', 18: ' PCA (Unüberwachtes Lernen)'}, 'score': {5: 0.9657774473696501, 18: 0.0341484531920503}}"
2,3,23.06.2023,IT-Consult Beratungshaus Heilbronn,Stuttgarterstraße 4,74072 Heilbronn,Beratung für Mittelstand,33,+49 1512123456,thomas.mueller@it-consult.de,"{'Datenformat': 'Matrix', 'Anspruch auf Genauigkeit': 'Gering', 'Anzahl an Dimensionen (Features)': 'Mittel', 'Datenmenge': 'Groß', 'Datenqualität': 'Hoch', 'Datentyp': 'Nicht gelabelt', 'Folge von Entscheidungen': 'nein', 'Rechenkapazität': 'Mittel', 'Typ der Zielgröße': 'Keine', 'Verfügbarkeit von Zeit': 'Gering'}","[""['Strukturiert', 'K-Means', 'Muster erkennen und Clustering', 'Unüberwachtes Lernen']""
 ""['Strukturiert', 'PCA', 'Vereinfachen durch Dimension Reduction', 'Unüberwachtes Lernen']""]",Neutral,,,"{'name': {5: ' K-Means (Unüberwachtes Lernen)', 18: ' PCA (Unüberwachtes Lernen)'}, 'score': {5: 0.9657774473696501, 18: 0.0341484531920503}}"
3,4,23.06.2023,IT-Consult Beratungshaus Heilbronn,Stuttgarterstraße 4,74072 Heilbronn,Beratung für Mittelstand,33,+49 1512123456,thomas.mueller@it-consult.de,"{'Datenformat': 'Matrix', 'Anspruch auf Genauigkeit': 'Gering', 'Anzahl an Dimensionen (Features)': 'Mittel', 'Datenmenge': 'Groß', 'Datenqualität': 'Hoch', 'Datentyp': 'Nicht gelabelt', 'Folge von Entscheidungen': 'nein', 'Rechenkapazität': 'Mittel', 'Typ der Zielgröße': 'Keine', 'Verfügbarkeit von Zeit': 'Gering'}","[""['Strukturiert', 'K-Means', 'Muster erkennen und Clustering', 'Unüberwachtes Lernen']""
 ""['Strukturiert', 'PCA', 'Vereinfachen durch Dimension Reduction', 'Unüberwachtes Lernen']""]",Neutral,,,"{'name': {5: ' K-Means (Unüberwachtes Lernen)', 18: ' PCA (Unüberwachtes Lernen)'}, 'score': {5: 0.9657774473696501, 18: 0.0341484531920503}}"
4,5,23.06.2023,IT-Consult Beratungshaus Heilbronn,Stuttgarterstraße 4,74072 Heilbronn,Beratung für Mittelstand,33,+49 1512123456,thomas.mueller@it-consult.de,"{'Datenformat': 'Matrix', 'Anspruch auf Genauigkeit': 'Gering', 'Anzahl an Dimensionen (Features)': 'Mittel', 'Datenmenge': 'Groß', 'Datenqualität': 'Hoch', 'Datentyp': 'Nicht gelabelt', 'Folge von Entscheidungen': 'nein', 'Rechenkapazität': 'Mittel', 'Typ der Zielgröße': 'Keine', 'Verfügbarkeit von Zeit': 'Gering'}","[""['Strukturiert', 'K-Means', 'Muster erkennen und Clustering', 'Unüberwachtes Lernen']""
 ""['Strukturiert', 'PCA', 'Vereinfachen durch Dimension Reduction', 'Unüberwachtes Lernen']""]",Neutral,,,"{'name': {5: ' K-Means (Unüberwachtes Lernen)', 18: ' PCA (Unüberwachtes Lernen)'}, 'score': {5: 0.9657774473696501, 18: 0.0341484531920503}}"
5,6,23.06.2023,IT-Consult Beratungshaus Heilbronn,Stuttgarterstraße 4,74072 Heilbronn,Beratung für Mittelstand,33,+49 1512123456,thomas.mueller@it-consult.de,"{'Datenformat': 'Matrix', 'Anspruch auf Genauigkeit': 'Gering', 'Anzahl an Dimensionen (Features)': 'Mittel', 'Datenmenge': 'Groß', 'Datenqualität': 'Hoch', 'Datentyp': 'Nicht gelabelt', 'Folge von Entscheidungen': 'nein', 'Rechenkapazität': 'Mittel', 'Typ der Zielgröße': 'Keine', 'Verfügbarkeit von Zeit': 'Gering'}","[""['Strukturiert', 'K-Means', 'Muster erkennen und Clustering', 'Unüberwachtes Lernen']""
 ""['Strukturiert', 'PCA', 'Vereinfachen durch Dimension Reduction', 'Unüberwachtes Lernen']""]",Neutral,,,"{'name': {5: ' K-Means (Unüberwachtes Lernen)', 18: ' PCA (Unüberwachtes Lernen)'}, 'score': {5: 0.9657774473696501, 18: 0.0341484531920503}}"
6,7,23.06.2023,IT-Consult Beratungshaus Heilbronn,Stuttgarterstraße 4,74072 Heilbronn,Beratung für Mittelstand,33,+49 1512123456,thomas.mueller@it-consult.de,"{'Datenformat': 'Matrix', 'Anspruch auf Genauigkeit': 'Gering', 'Anzahl an Dimensionen (Features)': 'Mittel', 'Datenmenge': 'Groß', 'Datenqualität': 'Hoch', 'Datentyp': 'Nicht gelabelt', 'Folge von Entscheidungen': 'nein', 'Rechenkapazität': 'Mittel', 'Typ der Zielgröße': 'Keine', 'Verfügbarkeit von Zeit': 'Gering'}","[""['Strukturiert', 'K-Means', 'Muster erkennen und Clustering', 'Unüberwachtes Lernen']""
 ""['Strukturiert', 'PCA', 'Vereinfachen durch Dimension Reduction', 'Unüberwachtes Lernen']""]",Neutral,,,"{'name': {5: ' K-Means (Unüberwachtes Lernen)', 18: ' PCA (Unüberwachtes Lernen)'}, 'score': {5: 0.9657774473696501, 18: 0.0341484531920503}}"
7,8,29.06.2023,IT-Consult Beratungshaus Heilbronn,Stuttgarterstraße 4,74072 Heilbronn,Beratung für Mittelstand,33,+49 1512123456,thomas.mueller@it-consult.de,"{'Datenformat': 'Matrix', 'Anspruch auf Genauigkeit': 'Gering', 'Anzahl an Dimensionen (Features)': 'Mittel', 'Datenmenge': 'Groß', 'Datenqualität': 'Hoch', 'Datentyp': 'Nicht gelabelt', 'Folge von Entscheidungen': 'nein', 'Rechenkapazität': 'Mittel', 'Typ der Zielgröße': 'Keine', 'Verfügbarkeit von Zeit': 'Gering'}","[""['Strukturiert', 'K-Means', 'Muster erkennen und Clustering', 'Unüberwachtes Lernen']""
 ""['Strukturiert', 'PCA', 'Vereinfachen durch Dimension Reduction', 'Unüberwachtes Lernen']""]",Neutral,,,"{'name': {5: ' K-Means (Unüberwachtes Lernen)', 18: ' PCA (Unüberwachtes Lernen)'}, 'score': {5: 0.9657774473696501, 18: 0.0341484531920503}}"
8,9,29.06.2023,IT-Consult Beratungshaus Heilbronn,Stuttgarterstraße 4,74072 Heilbronn,Beratung für Mittelstand,33,+49 1512123456,thomas.mueller@it-consult.de,"{'Datenformat': 'Matrix', 'Anspruch auf Genauigkeit': 'Gering', 'Anzahl an Dimensionen (Features)': 'Mittel', 'Datenmenge': 'Groß', 'Datenqualität': 'Hoch', 'Datentyp': 'Nicht gelabelt', 'Folge von Entscheidungen': 'nein', 'Rechenkapazität': 'Mittel', 'Typ der Zielgröße': 'Keine', 'Verfügbarkeit von Zeit': 'Gering'}","[""['Strukturiert', 'K-Means', 'Muster erkennen und Clustering', 'Unüberwachtes Lernen']""
 ""['Strukturiert', 'PCA', 'Vereinfachen durch Dimension Reduction', 'Unüberwachtes Lernen']""]",Neutral,,,"{'name': {5: ' K-Means (Unüberwachtes Lernen)', 18: ' PCA (Unüberwachtes Lernen)'}, 'score': {5: 0.9657774473696501, 18: 0.0341484531920503}}"
9,10,29.06.2023,IT-Consult Beratungshaus Heilbronn,Stuttgarterstraße 4,74072 Heilbronn,Beratung für Mittelstand,33,+49 1512123456,thomas.mueller@it-consult.de,"{'Datenformat': 'Ton', 'Anspruch auf Genauigkeit': 'Gering', 'Anzahl an Dimensionen (Features)': 'Mittel', 'Datenmenge': 'Keine', 'Datenqualität': 'Keine', 'Datentyp': 'Gemischt', 'Folge von Entscheidungen': 'nein', 'Rechenkapazität': 'Sehr Hoch', 'Typ der Zielgröße': 'Keine', 'Verfügbarkeit von Zeit': 'Sehr Hoch'}","[""['Unstrukturiert', 'Neural Networks and Deep Learning', 'Regression', 'Halbüberwachtes Lernen']""
 ""['Strukturiert', 'Support Vector Machines', 'Regression', 'Halbüberwachtes Lernen']""
 ""['Strukturiert', 'K-Nearest Neighbors ', 'Regression', 'Halbüberwachtes Lernen']""
 ""['Strukturiert', 'Bayesian Methods', 'Regression', 'Halbüberwachtes Lernen']""
 ""['Unstrukturiert', 'Neural Networks and Deep Learning', 'Klassifikation', 'Halbüberwachtes Lernen']""
 ""['Strukturiert', 'Tree-Based Methods', 'Regression', 'Halbüberwachtes Lernen']""
 ""['Unstrukturiert', 'Autoencoding NN', 'Vereinfachen durch Dimension Reduction', 'Unüberwachtes Lernen']""
 ""['Strukturiert', 'Linear Models', 'Regression', 'Halbüberwachtes Lernen']""
 ""['Strukturiert', 'K-Means', 'Muster erkennen und Clustering', 'Unüberwachtes Lernen']""
 ""['Strukturiert', 'Autoencoding NN', 'Vereinfachen durch Dimension Reduction', 'Unüberwachtes Lernen']""]",Neutral,,,"{'name': {31: ' Neural Networks and Deep Learning (Halbüberwachtes Lernen)', 23: ' Support Vector Machines (Halbüberwachtes Lernen)', 8: ' K-Nearest Neighbors  (Halbüberwachtes Lernen)', 3: ' Bayesian Methods (Halbüberwachtes Lernen)', 29: ' Neural Networks and Deep Learning (Halbüberwachtes Lernen)', 26: ' Tree-Based Methods (Halbüberwachtes Lernen)', 28: ' Autoencoding NN (Unüberwachtes Lernen)', 12: ' Linear Models (Halbüberwachtes Lernen)', 5: ' K-Means (Unüberwachtes Lernen)', 0: ' Autoencoding NN (Unüberwachtes Lernen)'}, 'score': {31: 0.7712899305050618, 23: 0.10576189147652615, 8: 0.01967415603420889, 3: 0.01881617669679115, 29: 0.013440341623660012, 26: 0.012546369436832645, 28: 0.010819590730467317, 12: 0.009583812070023059, 5: 0.00855415121197467, 0: 0.00765811616969601}}"
10,11,29.06.2023,IT-Consult Beratungshaus Heilbronn,Stuttgarterstraße 4,74072 Heilbronn,Beratung für Mittelstand,33,+49 1512123456,thomas.mueller@it-consult.de,"{'Datenformat': 'Bild', 'Anspruch auf Genauigkeit': 'Hoch', 'Anzahl an Dimensionen (Features)': 'Mittel', 'Datenmenge': 'Groß', 'Datenqualität': 'Gering', 'Datentyp': 'Gelabelt', 'Folge von Entscheidungen': 'nein', 'Rechenkapazität': 'Sehr Hoch', 'Typ der Zielgröße': 'Keine', 'Verfügbarkeit von Zeit': 'Normal'}","[""['Unstrukturiert', 'Neural Networks and Deep Learning', 'Regression', 'Überwachtes Lernen']""
 ""['Unstrukturiert', 'Neural Networks and Deep Learning', 'Klassifikation', 'Überwachtes Lernen']""
 ""['Unstrukturiert', 'Neural Networks and Deep Learning', 'Regression', 'Halbüberwachtes Lernen']""
 ""['Strukturiert', 'Autoencoding NN', 'Vereinfachen durch Dimension Reduction', 'Unüberwachtes Lernen']""
 ""['Strukturiert', 'Support Vector Machines', 'Regression', 'Überwachtes Lernen']""
 ""['Strukturiert', 'K-Means', 'Muster erkennen und Clustering', 'Unüberwachtes Lernen']""
 ""['Strukturiert', 'Bayesian Methods', 'Regression', 'Halbüberwachtes Lernen']""
 ""['Strukturiert', 'Tree-Based Methods', 'Regression', 'Überwachtes Lernen']""
 ""['Strukturiert', 'K-Nearest Neighbors ', 'Regression', 'Halbüberwachtes Lernen']""
 ""['Strukturiert', 'K-Nearest Neighbors ', 'Regression', 'Überwachtes Lernen']""]",Neutral,,,"{'name': {32: ' Neural Networks and Deep Learning (Überwachtes Lernen)', 30: ' Neural Networks and Deep Learning (Überwachtes Lernen)', 31: ' Neural Networks and Deep Learning (Halbüberwachtes Lernen)', 0: ' Autoencoding NN (Unüberwachtes Lernen)', 24: ' Support Vector Machines (Überwachtes Lernen)', 5: ' K-Means (Unüberwachtes Lernen)', 3: ' Bayesian Methods (Halbüberwachtes Lernen)', 27: ' Tree-Based Methods (Überwachtes Lernen)', 8: ' K-Nearest Neighbors  (Halbüberwachtes Lernen)', 9: ' K-Nearest Neighbors  (Überwachtes Lernen)'}, 'score': {32: 0.9999996053773818, 30: 1.9596942726286544e-07, 31: 5.8835508916598936e-08, 0: 2.4680566284203104e-08, 24: 1.951468201133331e-08, 5: 1.6657298294585404e-08, 3: 1.0359910556029204e-08, 27: 8.533133400105772e-09, 8: 6.6935785440164094e-09, 9: 6.529862379047535e-09}}"
11,12,29.06.2023,IT-Consult Beratungshaus Heilbronn,Stuttgarterstraße 4,74072 Heilbronn,Beratung für Mittelstand,33,+49 1512123456,thomas.mueller@it-consult.de,"{'Datenformat': 'Text', 'Anspruch auf Genauigkeit': 'Gering', 'Anzahl an Dimensionen (Features)': 'Gering', 'Datenmenge': 'Keine', 'Datenqualität': 'Gering', 'Datentyp': 'Nicht gelabelt', 'Folge von Entscheidungen': 'nein', 'Rechenkapazität': 'Hoch', 'Typ der Zielgröße': 'Kategorisch', 'Verfügbarkeit von Zeit': 'Sehr Hoch'}","[""['Unstrukturiert', 'Neural Networks and Deep Learning', 'Klassifikation', 'Halbüberwachtes Lernen']""
 ""['Strukturiert', 'Linear Models', 'Klassifikation', 'Halbüberwachtes Lernen']""
 ""['Strukturiert', 'PCA', 'Vereinfachen durch Dimension Reduction', 'Unüberwachtes Lernen']""
 ""['Strukturiert', 'Autoencoding NN', 'Vereinfachen durch Dimension Reduction', 'Unüberwachtes Lernen']""
 ""['Unstrukturiert', 'Neural Networks and Deep Learning', 'Regression', 'Halbüberwachtes Lernen']""
 ""['Strukturiert', 'Support Vector Machines', 'Regression', 'Halbüberwachtes Lernen']""
 ""['Strukturiert', 'K-Means', 'Muster erkennen und Clustering', 'Unüberwachtes Lernen']""
 ""['Unstrukturiert', 'Neural Networks and Deep Learning', 'Klassifikation', 'Überwachtes Lernen']""
 ""['Strukturiert', 'K-Nearest Neighbors ', 'Klassifikation', 'Halbüberwachtes Lernen']""
 ""['Strukturiert', 'Neural Networks and Deep Learning', 'Klassifikation', 'Halbüberwachtes Lernen']""]",Neutral,0.0,0.0,"{'name': {29: ' Neural Networks and Deep Learning (Halbüberwachtes Lernen)', 10: ' Linear Models (Halbüberwachtes Lernen)', 18: ' PCA (Unüberwachtes Lernen)', 0: ' Autoencoding NN (Unüberwachtes Lernen)', 31: ' Neural Networks and Deep Learning (Halbüberwachtes Lernen)', 23: ' Support Vector Machines (Halbüberwachtes Lernen)', 5: ' K-Means (Unüberwachtes Lernen)', 30: ' Neural Networks and Deep Learning (Überwachtes Lernen)', 6: ' K-Nearest Neighbors  (Halbüberwachtes Lernen)', 14: ' Neural Networks and Deep Learning (Halbüberwachtes Lernen)'}, 'score': {29: 0.9993045773570253, 10: 0.0006518265924246075, 18: 4.2041263857360595e-05, 0: 7.055243250042903e-07, 31: 3.594334791068879e-07, 23: 8.676613102002523e-08, 5: 8.142263337205163e-08, 30: 4.315367770001378e-08, 6: 4.1338064834567894e-08, 14: 3.9964311901967265e-08}}"
12,13,29.06.2023,IT-Consult Beratungshaus Heilbronn,Stuttgarterstraße 4,74072 Heilbronn,Beratung für Mittelstand,33,+49 1512123456,thomas.mueller@it-consult.de,"{'Datenformat': 'Text', 'Anspruch auf Genauigkeit': 'Gering', 'Anzahl an Dimensionen (Features)': 'Gering', 'Datenmenge': 'Keine', 'Datenqualität': 'Gering', 'Datentyp': 'Nicht gelabelt', 'Folge von Entscheidungen': 'nein', 'Rechenkapazität': 'Hoch', 'Typ der Zielgröße': 'Kategorisch', 'Verfügbarkeit von Zeit': 'Sehr Hoch'}","[""['Unstrukturiert', 'Neural Networks and Deep Learning', 'Klassifikation', 'Halbüberwachtes Lernen']""
 ""['Strukturiert', 'Linear Models', 'Klassifikation', 'Halbüberwachtes Lernen']""
 ""['Strukturiert', 'PCA', 'Vereinfachen durch Dimension Reduction', 'Unüberwachtes Lernen']""
 ""['Strukturiert', 'Autoencoding NN', 'Vereinfachen durch Dimension Reduction', 'Unüberwachtes Lernen']""
 ""['Unstrukturiert', 'Neural Networks and Deep Learning', 'Regression', 'Halbüberwachtes Lernen']""
 ""['Strukturiert', 'Support Vector Machines', 'Regression', 'Halbüberwachtes Lernen']""
 ""['Strukturiert', 'K-Means', 'Muster erkennen und Clustering', 'Unüberwachtes Lernen']""
 ""['Unstrukturiert', 'Neural Networks and Deep Learning', 'Klassifikation', 'Überwachtes Lernen']""
 ""['Strukturiert', 'K-Nearest Neighbors ', 'Klassifikation', 'Halbüberwachtes Lernen']""
 ""['Strukturiert', 'Neural Networks and Deep Learning', 'Klassifikation', 'Halbüberwachtes Lernen']""]",Neutral,20499.0,7479501.0,"{'name': {29: ' Neural Networks and Deep Learning (Halbüberwachtes Lernen)', 10: ' Linear Models (Halbüberwachtes Lernen)', 18: ' PCA (Unüberwachtes Lernen)', 0: ' Autoencoding NN (Unüberwachtes Lernen)', 31: ' Neural Networks and Deep Learning (Halbüberwachtes Lernen)', 23: ' Support Vector Machines (Halbüberwachtes Lernen)', 5: ' K-Means (Unüberwachtes Lernen)', 30: ' Neural Networks and Deep Learning (Überwachtes Lernen)', 6: ' K-Nearest Neighbors  (Halbüberwachtes Lernen)', 14: ' Neural Networks and Deep Learning (Halbüberwachtes Lernen)'}, 'score': {29: 0.9993045773570253, 10: 0.0006518265924246075, 18: 4.2041263857360595e-05, 0: 7.055243250042903e-07, 31: 3.594334791068879e-07, 23: 8.676613102002523e-08, 5: 8.142263337205163e-08, 30: 4.315367770001378e-08, 6: 4.1338064834567894e-08, 14: 3.9964311901967265e-08}}"
13,14,29.06.2023,IT-Consult Beratungshaus Heilbronn,Stuttgarterstraße 4,74072 Heilbronn,Beratung für Mittelstand,33,+49 1512123456,thomas.mueller@it-consult.de,"{'Datenformat': 'Text', 'Anspruch auf Genauigkeit': 'Gering', 'Anzahl an Dimensionen (Features)': 'Mittel', 'Datenmenge': 'Klein', 'Datenqualität': 'Mittel', 'Datentyp': 'Feedback-Signal', 'Folge von Entscheidungen': 'nein', 'Rechenkapazität': 'Sehr Hoch', 'Typ der Zielgröße': 'Keine', 'Verfügbarkeit von Zeit': 'Gering'}","[""['Unstrukturiert', 'SARSA', 'Interaktion statt bereitgestellten Daten', 'Bestärkendes Lernen']""
 ""['Strukturiert', 'SARSA', 'Interaktion statt bereitgestellten Daten', 'Bestärkendes Lernen']""
 ""['Unstrukturiert', 'Neural Networks and Deep Learning', 'Regression', 'Halbüberwachtes Lernen']""
 ""['Strukturiert', 'Linear Models', 'Regression', 'Halbüberwachtes Lernen']""
 ""['Strukturiert', 'K-Nearest Neighbors ', 'Regression', 'Halbüberwachtes Lernen']""
 ""['Strukturiert', 'K-Means', 'Muster erkennen und Clustering', 'Unüberwachtes Lernen']""
 ""['Unstrukturiert', 'Autoencoding NN', 'Vereinfachen durch Dimension Reduction', 'Unüberwachtes Lernen']""
 ""['Strukturiert', 'Bayesian Methods', 'Regression', 'Halbüberwachtes Lernen']""
 ""['Strukturiert', 'Q - Learning', 'Interaktion statt bereitgestellten Daten', 'Bestärkendes Lernen']""
 ""['Unstrukturiert', 'Q - Learning', 'Interaktion statt bereitgestellten Daten', 'Bestärkendes Lernen']""]",Neutral,20499.0,7479501.0,"{'name': {34: ' SARSA (Bestärkendes Lernen)', 20: ' SARSA (Bestärkendes Lernen)', 31: ' Neural Networks and Deep Learning (Halbüberwachtes Lernen)', 12: ' Linear Models (Halbüberwachtes Lernen)', 8: ' K-Nearest Neighbors  (Halbüberwachtes Lernen)', 5: ' K-Means (Unüberwachtes Lernen)', 28: ' Autoencoding NN (Unüberwachtes Lernen)', 3: ' Bayesian Methods (Halbüberwachtes Lernen)', 19: ' Q - Learning (Bestärkendes Lernen)', 33: ' Q - Learning (Bestärkendes Lernen)'}, 'score': {34: 0.9954313589085105, 20: 0.002091498964339551, 31: 0.0012439692545532486, 12: 0.00043383221547542596, 8: 0.00024081679576779856, 5: 9.710840377849213e-05, 28: 7.46044255357226e-05, 3: 6.876694217213673e-05, 19: 6.0087180786004645e-05, 33: 3.6692571016283025e-05}}"
14,15,29.06.2023,IT-Consult Beratungshaus Heilbronn,Stuttgarterstraße 4,74072 Heilbronn,Beratung für Mittelstand,33,+49 1512123456,thomas.mueller@it-consult.de,"{'Datenformat': 'Text', 'Anspruch auf Genauigkeit': 'Gering', 'Anzahl an Dimensionen (Features)': 'Mittel', 'Datenmenge': 'Klein', 'Datenqualität': 'Mittel', 'Datentyp': 'Feedback-Signal', 'Folge von Entscheidungen': 'nein', 'Rechenkapazität': 'Sehr Hoch', 'Typ der Zielgröße': 'Keine', 'Verfügbarkeit von Zeit': 'Gering'}","[""['Unstrukturiert', 'SARSA', 'Interaktion statt bereitgestellten Daten', 'Bestärkendes Lernen']""
 ""['Strukturiert', 'SARSA', 'Interaktion statt bereitgestellten Daten', 'Bestärkendes Lernen']""
 ""['Unstrukturiert', 'Neural Networks and Deep Learning', 'Regression', 'Halbüberwachtes Lernen']""
 ""['Strukturiert', 'Linear Models', 'Regression', 'Halbüberwachtes Lernen']""
 ""['Strukturiert', 'K-Nearest Neighbors ', 'Regression', 'Halbüberwachtes Lernen']""
 ""['Strukturiert', 'K-Means', 'Muster erkennen und Clustering', 'Unüberwachtes Lernen']""
 ""['Unstrukturiert', 'Autoencoding NN', 'Vereinfachen durch Dimension Reduction', 'Unüberwachtes Lernen']""
 ""['Strukturiert', 'Bayesian Methods', 'Regression', 'Halbüberwachtes Lernen']""
 ""['Strukturiert', 'Q - Learning', 'Interaktion statt bereitgestellten Daten', 'Bestärkendes Lernen']""
 ""['Unstrukturiert', 'Q - Learning', 'Interaktion statt bereitgestellten Daten', 'Bestärkendes Lernen']""]",Neutral,20499.0,7479501.0,"{'name': {34: ' SARSA (Bestärkendes Lernen)', 20: ' SARSA (Bestärkendes Lernen)', 31: ' Neural Networks and Deep Learning (Halbüberwachtes Lernen)', 12: ' Linear Models (Halbüberwachtes Lernen)', 8: ' K-Nearest Neighbors  (Halbüberwachtes Lernen)', 5: ' K-Means (Unüberwachtes Lernen)', 28: ' Autoencoding NN (Unüberwachtes Lernen)', 3: ' Bayesian Methods (Halbüberwachtes Lernen)', 19: ' Q - Learning (Bestärkendes Lernen)', 33: ' Q - Learning (Bestärkendes Lernen)'}, 'score': {34: 0.9954313589085105, 20: 0.002091498964339551, 31: 0.0012439692545532486, 12: 0.00043383221547542596, 8: 0.00024081679576779856, 5: 9.710840377849213e-05, 28: 7.46044255357226e-05, 3: 6.876694217213673e-05, 19: 6.0087180786004645e-05, 33: 3.6692571016283025e-05}}"
